-0.152595,-1.36881,1.01967,-2.14709,-2.9289,2.89991
-0.152572,-1.3688,1.01967,-2.14715,-2.92892,2.89993
-0.152536,-1.36882,1.01961,-2.1471,-2.9289,2.89991
-0.152445,-1.36896,1.01954,-2.14721,-2.92887,2.89983
-0.152301,-1.36918,1.01942,-2.1472,-2.92871,2.89972
-0.152067,-1.36942,1.0192,-2.14728,-2.92854,2.89957
-0.151775,-1.36973,1.01906,-2.14741,-2.92833,2.89939
-0.151242,-1.37033,1.01849,-2.14789,-2.92785,2.89896
-0.150893,-1.37062,1.0181,-2.14815,-2.9275,2.89864
-0.150495,-1.3709,1.01781,-2.14846,-2.92714,2.8983
-0.150083,-1.3712,1.01739,-2.1488,-2.92672,2.89792
-0.149647,-1.37158,1.01699,-2.14909,-2.92622,2.89745
-0.149199,-1.37194,1.01656,-2.14947,-2.92565,2.897
-0.148704,-1.37237,1.01607,-2.14991,-2.92513,2.89641
-0.14816,-1.37278,1.01549,-2.15045,-2.92451,2.89582
-0.147592,-1.37334,1.01494,-2.15102,-2.92377,2.8952
-0.146952,-1.37386,1.0143,-2.15168,-2.92305,2.89452
-0.146228,-1.37444,1.0136,-2.15241,-2.92231,2.89382
-0.145502,-1.37508,1.0129,-2.15315,-2.92158,2.89307
-0.144657,-1.37576,1.01212,-2.15388,-2.92077,2.89224
-0.143813,-1.3765,1.01132,-2.15474,-2.91993,2.89146
-0.142935,-1.37724,1.01055,-2.15564,-2.91905,2.89057
-0.142046,-1.37802,1.00959,-2.15658,-2.91815,2.88969
-0.141108,-1.37891,1.00871,-2.15751,-2.91721,2.88874
-0.14017,-1.37978,1.00779,-2.15858,-2.91628,2.88773
-0.138102,-1.38172,1.0057,-2.16078,-2.91432,2.88576
-0.13702,-1.38275,1.0046,-2.16197,-2.91331,2.88464
-0.135839,-1.38378,1.00348,-2.16319,-2.91222,2.88348
-0.134654,-1.38489,1.00225,-2.16441,-2.91106,2.88232
-0.133353,-1.38601,1.00105,-2.16569,-2.90995,2.8811
-0.132063,-1.38721,0.99977,-2.167,-2.90871,2.87993
-0.130807,-1.38846,0.998466,-2.16838,-2.90748,2.87852
-0.129444,-1.38968,0.997117,-2.16974,-2.90616,2.87719
-0.128085,-1.39102,0.995683,-2.17111,-2.90476,2.87581
-0.126687,-1.39233,0.994283,-2.17256,-2.90338,2.87436
-0.125255,-1.3937,0.99274,-2.17402,-2.90196,2.87291
-0.123749,-1.39511,0.991172,-2.17555,-2.9005,2.87145
-0.122266,-1.3966,0.989581,-2.17712,-2.899,2.86986
-0.120642,-1.3981,0.987917,-2.17871,-2.89745,2.86828
-0.119061,-1.39964,0.986276,-2.18036,-2.89577,2.86672
-0.117411,-1.40125,0.984604,-2.18201,-2.89419,2.86507
-0.115701,-1.4029,0.982856,-2.18368,-2.89243,2.86337
-0.114028,-1.40452,0.981122,-2.18536,-2.89065,2.86164
-0.112223,-1.40621,0.979422,-2.18712,-2.88888,2.8598
-0.110428,-1.40796,0.977591,-2.18899,-2.88706,2.85801
-0.108587,-1.40973,0.975797,-2.1909,-2.88524,2.85624
-0.106648,-1.41154,0.973883,-2.19283,-2.88339,2.85437
-0.104676,-1.41344,0.972003,-2.19486,-2.88151,2.85243
-0.102641,-1.41529,0.969943,-2.19681,-2.87959,2.85046
-0.100585,-1.41721,0.967969,-2.19886,-2.87755,2.84849
-0.0986279,-1.41909,0.965916,-2.20086,-2.87553,2.84641
-0.0965851,-1.4209,0.96395,-2.20286,-2.8735,2.84445
-0.0926231,-1.42454,0.959887,-2.20683,-2.86959,2.84048
-0.0906804,-1.42639,0.957883,-2.2088,-2.86765,2.83849
-0.0887011,-1.42836,0.955853,-2.21077,-2.86562,2.8365
-0.0867446,-1.43023,0.953835,-2.21275,-2.86364,2.8345
-0.0847891,-1.43211,0.951832,-2.21477,-2.86169,2.83252
-0.0827869,-1.43406,0.949815,-2.21684,-2.85976,2.83055
-0.0808294,-1.43598,0.947796,-2.21898,-2.85787,2.82855
-0.0787948,-1.43787,0.945777,-2.22112,-2.85589,2.82659
-0.0768264,-1.43977,0.943738,-2.22327,-2.85398,2.82462
-0.0747994,-1.4417,0.941757,-2.22538,-2.85201,2.82264
-0.0728272,-1.44361,0.939753,-2.22742,-2.85007,2.82068
-0.0707977,-1.4455,0.93775,-2.22937,-2.84807,2.81868
-0.0687936,-1.44739,0.935759,-2.23133,-2.84604,2.81669
-0.0668481,-1.44937,0.933755,-2.23332,-2.84406,2.81466
-0.0648029,-1.45118,0.931695,-2.23526,-2.84202,2.81266
-0.0627998,-1.45304,0.929667,-2.23722,-2.83999,2.81066
-0.0607937,-1.45488,0.92764,-2.23925,-2.83801,2.8086
-0.0587762,-1.45671,0.925626,-2.2412,-2.83593,2.80657
-0.0567606,-1.45856,0.923587,-2.24321,-2.83397,2.80455
-0.0548371,-1.46034,0.921538,-2.24517,-2.83191,2.80255
-0.0528553,-1.46213,0.919473,-2.24711,-2.82984,2.80056
-0.0509117,-1.4639,0.917531,-2.24905,-2.82779,2.79853
-0.0489643,-1.4657,0.915501,-2.25097,-2.82577,2.79647
-0.0450247,-1.46918,0.911508,-2.25496,-2.82167,2.79243
-0.0430196,-1.471,0.909495,-2.257,-2.8197,2.79044
-0.0409625,-1.47272,0.907444,-2.25901,-2.81767,2.78841
-0.0389574,-1.47442,0.905452,-2.26098,-2.81554,2.78645
-0.0368798,-1.47619,0.903459,-2.26297,-2.81352,2.78437
-0.0348848,-1.47796,0.901496,-2.26493,-2.81144,2.78241
-0.0328673,-1.47969,0.899493,-2.26682,-2.80937,2.78032
-0.0309094,-1.48142,0.897544,-2.2688,-2.80725,2.77832
-0.0288919,-1.48313,0.895531,-2.27076,-2.80523,2.77622
-0.0269473,-1.48484,0.893561,-2.27278,-2.80321,2.77419
-0.0249279,-1.48656,0.891543,-2.27474,-2.80119,2.77222
-0.0229557,-1.48825,0.889565,-2.27676,-2.79914,2.77017
-0.0209649,-1.48996,0.887585,-2.27873,-2.79708,2.76819
-0.0189679,-1.4917,0.885653,-2.28077,-2.79503,2.76609
-0.0170043,-1.49336,0.883662,-2.28275,-2.79298,2.76407
-0.0149849,-1.49499,0.881731,-2.28474,-2.79095,2.76204
-0.0129898,-1.49666,0.879763,-2.2868,-2.7889,2.76002
-0.010908,-1.49836,0.877747,-2.28885,-2.78691,2.75802
-0.00885088,-1.5,0.875719,-2.29089,-2.78488,2.75599
-0.00679571,-1.50166,0.873776,-2.29299,-2.78286,2.75393
-0.00471431,-1.50333,0.871713,-2.29505,-2.78081,2.75187
-0.00270397,-1.50497,0.869653,-2.29705,-2.77871,2.7498
-0.000591103,-1.50666,0.86765,-2.29903,-2.77663,2.74773
0.00142002,-1.50826,0.865575,-2.30105,-2.7746,2.74563
0.00345135,-1.50991,0.863515,-2.30303,-2.77257,2.74355
0.00547171,-1.51161,0.861464,-2.30511,-2.77044,2.74149
0.00951195,-1.51489,0.857398,-2.30924,-2.76632,2.73742
0.0115185,-1.51656,0.855384,-2.31135,-2.7643,2.73537
0.0135636,-1.51826,0.853356,-2.31341,-2.76229,2.73329
0.0155845,-1.51995,0.851392,-2.31546,-2.76019,2.73125
0.0176673,-1.52167,0.849353,-2.31755,-2.7582,2.72921
0.0197463,-1.52335,0.84728,-2.31975,-2.75609,2.72715
0.0218863,-1.52504,0.845286,-2.32183,-2.75407,2.72512
0.0238943,-1.52677,0.843211,-2.32396,-2.75197,2.72311
0.0260472,-1.52847,0.841109,-2.32613,-2.74988,2.721
0.0280938,-1.53018,0.839013,-2.3282,-2.74782,2.71891
0.0302081,-1.53188,0.836868,-2.33026,-2.74573,2.71684
0.0322909,-1.53359,0.834796,-2.3324,-2.74371,2.71478
0.034369,-1.53531,0.832635,-2.3345,-2.74161,2.71269
0.036427,-1.53703,0.830502,-2.33653,-2.7395,2.71059
0.0385418,-1.53878,0.828412,-2.33864,-2.73752,2.70852
0.0406246,-1.54051,0.826314,-2.34082,-2.73542,2.70644
0.0426679,-1.54224,0.82425,-2.34298,-2.73334,2.70437
0.0447431,-1.544,0.822175,-2.34502,-2.73131,2.70229
0.0467854,-1.54577,0.820149,-2.34708,-2.72927,2.70023
0.0489535,-1.54745,0.818053,-2.34911,-2.72723,2.69818
0.0531569,-1.55089,0.813966,-2.35328,-2.72315,2.69404
0.0552397,-1.55259,0.81193,-2.3554,-2.72108,2.69201
0.0574007,-1.55435,0.809823,-2.35752,-2.71897,2.68982
0.0595107,-1.55607,0.807693,-2.35956,-2.71684,2.68771
0.0616646,-1.55768,0.805552,-2.36164,-2.71474,2.6856
0.0637989,-1.55938,0.803361,-2.36367,-2.71255,2.68345
0.0659299,-1.56108,0.801185,-2.36579,-2.71045,2.68135
0.0680537,-1.56274,0.799054,-2.36795,-2.70834,2.67921
0.0701146,-1.56441,0.796948,-2.37002,-2.70622,2.67714
0.0722122,-1.5661,0.794808,-2.37215,-2.70408,2.67504
0.0742822,-1.56775,0.792724,-2.37414,-2.70192,2.67293
0.0764174,-1.56941,0.790595,-2.37621,-2.69984,2.67077
0.0784659,-1.5711,0.78855,-2.37827,-2.69774,2.66872
0.0805492,-1.57271,0.78646,-2.38035,-2.69566,2.66658
0.0826592,-1.57439,0.784303,-2.38254,-2.69355,2.6645
0.0848393,-1.5761,0.782208,-2.38464,-2.69152,2.66238
0.0869355,-1.57767,0.780091,-2.38681,-2.68935,2.66028
0.0912027,-1.58099,0.775795,-2.39099,-2.68506,2.65601
0.0934072,-1.58263,0.773648,-2.39302,-2.68289,2.65383
0.0955534,-1.58426,0.771448,-2.39504,-2.68069,2.65164
0.097661,-1.58587,0.769339,-2.39716,-2.67859,2.64952
0.0997357,-1.58749,0.767172,-2.39924,-2.67641,2.64733
0.101931,-1.58908,0.764972,-2.40138,-2.67434,2.64523
0.104062,-1.59075,0.762804,-2.40348,-2.6721,2.64311
0.106196,-1.59233,0.760672,-2.40562,-2.66998,2.64091
0.108371,-1.59397,0.758576,-2.40768,-2.66785,2.63878
0.110472,-1.59557,0.75645,-2.40977,-2.66568,2.63672
0.112654,-1.59721,0.754347,-2.4119,-2.6636,2.63456
0.114863,-1.59883,0.752241,-2.41403,-2.66139,2.63237
0.117089,-1.60047,0.750132,-2.41613,-2.65929,2.63027
0.119262,-1.60211,0.747939,-2.41828,-2.65715,2.62812
0.121516,-1.60372,0.745793,-2.42043,-2.65495,2.62593
0.123699,-1.60528,0.743615,-2.42251,-2.65275,2.62378
0.125954,-1.60689,0.741433,-2.4246,-2.65052,2.62158
0.130255,-1.61009,0.737054,-2.42879,-2.64612,2.61716
0.132434,-1.61168,0.734898,-2.43088,-2.64398,2.615
0.134546,-1.61325,0.732693,-2.43303,-2.64175,2.61284
0.136715,-1.61489,0.730502,-2.43515,-2.63956,2.61063
0.13879,-1.61647,0.72831,-2.43731,-2.63741,2.60845
0.141032,-1.61801,0.726131,-2.43936,-2.63528,2.60628
0.143188,-1.61962,0.723965,-2.44149,-2.63306,2.60415
0.145347,-1.62117,0.721798,-2.44357,-2.63092,2.60191
0.147601,-1.62278,0.719617,-2.44573,-2.62868,2.59977
0.149794,-1.62438,0.71739,-2.44789,-2.62649,2.59757
0.152048,-1.62595,0.715184,-2.44999,-2.62429,2.59532
0.154291,-1.62752,0.712896,-2.4521,-2.62203,2.59311
0.156498,-1.62912,0.710698,-2.45415,-2.61986,2.59087
0.158739,-1.63066,0.708396,-2.45624,-2.61757,2.58861
0.160945,-1.63222,0.706159,-2.45834,-2.61532,2.58634
0.1632,-1.63382,0.703891,-2.46048,-2.61312,2.58417
0.165382,-1.63538,0.701726,-2.46266,-2.61091,2.58194
0.167635,-1.63696,0.699464,-2.46481,-2.60871,2.57966
0.169811,-1.63854,0.697244,-2.46689,-2.60647,2.57743
0.172031,-1.64012,0.695018,-2.46888,-2.60426,2.57521
0.174237,-1.64166,0.692828,-2.47094,-2.60204,2.57299
0.176538,-1.64324,0.690551,-2.47297,-2.59985,2.57078
0.178777,-1.64479,0.688357,-2.47515,-2.59759,2.56854
0.181091,-1.64634,0.686093,-2.4773,-2.59534,2.56626
0.185669,-1.64946,0.681468,-2.48155,-2.59081,2.56166
0.187932,-1.65105,0.679174,-2.48361,-2.5885,2.55942
0.190269,-1.65262,0.676875,-2.48566,-2.58614,2.5571
0.192534,-1.65415,0.674526,-2.48774,-2.58388,2.55478
0.19481,-1.65567,0.672236,-2.48983,-2.58163,2.5525
0.197086,-1.65723,0.669938,-2.49202,-2.5793,2.5502
0.199302,-1.65879,0.667683,-2.49416,-2.57705,2.54789
0.201604,-1.66034,0.665381,-2.49617,-2.57474,2.54554
0.203916,-1.66188,0.663046,-2.49822,-2.57248,2.54328
0.206229,-1.66336,0.660828,-2.50022,-2.57018,2.54099
0.208603,-1.66492,0.658477,-2.50229,-2.56785,2.53868
0.210951,-1.66644,0.65619,-2.50436,-2.56561,2.5364
0.213336,-1.66794,0.65384,-2.50646,-2.56321,2.53409
0.215719,-1.66944,0.651478,-2.50856,-2.56088,2.53173
0.218091,-1.67094,0.649159,-2.51061,-2.55848,2.52938
0.220439,-1.67239,0.646739,-2.51266,-2.5561,2.52698
0.222847,-1.67387,0.644339,-2.51464,-2.55369,2.5247
0.225137,-1.67535,0.641952,-2.51662,-2.55132,2.52232
0.227452,-1.67684,0.639569,-2.51867,-2.54897,2.51993
0.229739,-1.6783,0.637244,-2.52073,-2.54659,2.51763
0.232068,-1.67973,0.634892,-2.52278,-2.54421,2.51524
0.234416,-1.68121,0.632617,-2.52476,-2.54184,2.51287
0.236805,-1.68264,0.63021,-2.52678,-2.53952,2.5105
0.239192,-1.68408,0.627835,-2.52879,-2.53712,2.50811
0.243977,-1.6869,0.623051,-2.53285,-2.53238,2.50337
0.246404,-1.68824,0.62067,-2.53494,-2.5299,2.50093
0.248879,-1.68967,0.618209,-2.53696,-2.5275,2.49847
0.251308,-1.6911,0.615746,-2.53902,-2.52508,2.49611
0.253774,-1.69249,0.613259,-2.54101,-2.5226,2.49357
0.256181,-1.69387,0.610703,-2.54302,-2.52017,2.49117
0.258646,-1.69536,0.608273,-2.54503,-2.51771,2.4887
0.261096,-1.69671,0.605834,-2.54702,-2.51525,2.48628
0.263502,-1.69811,0.603395,-2.54906,-2.51278,2.48377
0.265991,-1.69953,0.600969,-2.55098,-2.51033,2.48133
0.268466,-1.70095,0.598543,-2.55288,-2.50788,2.47891
0.270921,-1.70235,0.596087,-2.55485,-2.50546,2.47643
0.273372,-1.70372,0.593615,-2.55683,-2.50294,2.47398
0.275911,-1.70509,0.591138,-2.55886,-2.50044,2.47149
0.278447,-1.70645,0.588626,-2.56084,-2.49789,2.46892
0.280962,-1.70782,0.586061,-2.56282,-2.49533,2.46641
0.283534,-1.70917,0.583449,-2.56472,-2.49276,2.46384
0.28608,-1.71048,0.580928,-2.56662,-2.49015,2.46129
0.288585,-1.71181,0.578308,-2.56862,-2.48761,2.45871
0.291179,-1.71315,0.575809,-2.5706,-2.48509,2.45619
0.296273,-1.71582,0.570713,-2.57464,-2.48005,2.45097
0.298813,-1.71715,0.568229,-2.57649,-2.47751,2.44843
0.301421,-1.71845,0.565609,-2.57835,-2.47498,2.44586
0.304028,-1.71978,0.563033,-2.58018,-2.47246,2.44333
0.306653,-1.7211,0.560447,-2.58216,-2.4698,2.44073
0.309324,-1.72241,0.557793,-2.58408,-2.46717,2.43809
0.311935,-1.72371,0.555184,-2.58607,-2.46448,2.43544
0.314595,-1.72496,0.552503,-2.58793,-2.46185,2.43287
0.317207,-1.72625,0.5498,-2.58977,-2.45914,2.43019
0.319804,-1.72753,0.547181,-2.5916,-2.45656,2.42756
0.322392,-1.72881,0.544488,-2.5935,-2.45385,2.42491
0.324944,-1.73007,0.541865,-2.59532,-2.45127,2.42225
0.327543,-1.73138,0.539281,-2.5972,-2.44857,2.41957
0.330189,-1.73259,0.536652,-2.59905,-2.44592,2.41695
0.332898,-1.73382,0.534005,-2.60088,-2.44333,2.41428
0.33558,-1.73503,0.531396,-2.60271,-2.44063,2.41171
0.338358,-1.73627,0.528752,-2.60465,-2.43793,2.409
0.341042,-1.73747,0.526017,-2.60655,-2.43518,2.40631
0.343761,-1.73869,0.523311,-2.60845,-2.43247,2.40361
0.346479,-1.7399,0.520568,-2.61027,-2.42983,2.40087
0.349224,-1.74112,0.517768,-2.61202,-2.42713,2.39813
0.351921,-1.74231,0.515014,-2.61378,-2.42437,2.39543
0.354578,-1.74357,0.512308,-2.61566,-2.42164,2.39268
0.35999,-1.74592,0.506984,-2.6193,-2.4163,2.38726
0.362746,-1.74718,0.504256,-2.62104,-2.41366,2.38457
0.365491,-1.74837,0.501579,-2.62277,-2.41092,2.38183
0.368237,-1.74953,0.498883,-2.62451,-2.40817,2.37921
0.370972,-1.75078,0.496162,-2.62634,-2.40538,2.37645
0.373762,-1.75192,0.493397,-2.62818,-2.40259,2.37361
0.376568,-1.75313,0.490557,-2.62996,-2.3998,2.37078
0.379374,-1.75429,0.487717,-2.63169,-2.39701,2.36799
0.382117,-1.75548,0.484879,-2.63342,-2.39425,2.36525
0.384935,-1.7567,0.482087,-2.63533,-2.39139,2.36246
0.387679,-1.75782,0.47934,-2.63717,-2.38866,2.3597
0.390412,-1.75904,0.476563,-2.63891,-2.38592,2.35687
0.393206,-1.76018,0.473809,-2.64053,-2.38316,2.35409
0.396032,-1.76133,0.471026,-2.64222,-2.38039,2.35136
0.398837,-1.76252,0.468237,-2.64383,-2.37755,2.34854
0.401731,-1.76366,0.465494,-2.64558,-2.37473,2.34577
0.404543,-1.7648,0.462612,-2.64731,-2.3719,2.34287
0.407372,-1.76591,0.459828,-2.64908,-2.36905,2.34004
0.410236,-1.76706,0.456881,-2.65079,-2.3662,2.3372
0.413055,-1.76818,0.454017,-2.65245,-2.36337,2.33433
0.415835,-1.76929,0.451186,-2.6541,-2.36055,2.33151
0.418584,-1.77045,0.448404,-2.6559,-2.35777,2.3287
0.421393,-1.77156,0.445519,-2.65756,-2.35496,2.32582
0.424221,-1.77267,0.442752,-2.65916,-2.35214,2.32298
0.427072,-1.7738,0.439875,-2.66083,-2.34938,2.32014
0.432883,-1.77596,0.434158,-2.66422,-2.34359,2.31447
0.43586,-1.77701,0.431297,-2.66596,-2.34067,2.31159
0.438735,-1.77806,0.428336,-2.66767,-2.3377,2.30866
0.441716,-1.77914,0.425362,-2.66927,-2.33479,2.30576
0.444504,-1.78021,0.422442,-2.67084,-2.33187,2.30283
0.447376,-1.78126,0.419553,-2.67249,-2.3289,2.29991
0.450213,-1.78233,0.416677,-2.67416,-2.32601,2.29709
0.453071,-1.7834,0.413777,-2.6758,-2.32315,2.29417
0.455967,-1.78444,0.41089,-2.6774,-2.32026,2.29129
0.45896,-1.78549,0.408061,-2.67896,-2.31738,2.28841
0.461885,-1.78652,0.40516,-2.68051,-2.31444,2.28548
0.464851,-1.78761,0.40226,-2.68217,-2.31152,2.28258
0.467775,-1.7886,0.399298,-2.68378,-2.30852,2.27961
0.470742,-1.78964,0.396297,-2.68534,-2.30556,2.27666
0.473673,-1.79065,0.393303,-2.68687,-2.30262,2.27363
0.476608,-1.79168,0.390305,-2.68844,-2.29966,2.27068
0.479551,-1.79271,0.387368,-2.68999,-2.29676,2.2677
0.482415,-1.79376,0.38448,-2.6916,-2.29386,2.26478
0.485412,-1.79477,0.381545,-2.69318,-2.2909,2.26185
0.48836,-1.79581,0.378661,-2.69466,-2.28797,2.25891
0.491375,-1.7968,0.37571,-2.69616,-2.28503,2.25598
0.494378,-1.79783,0.3727,-2.69766,-2.28206,2.25307
0.497428,-1.79877,0.36974,-2.69928,-2.27903,2.25008
0.500428,-1.79975,0.366658,-2.70082,-2.27599,2.24706
0.503437,-1.80071,0.363578,-2.70232,-2.27295,2.24407
0.506485,-1.80171,0.360585,-2.70376,-2.26991,2.24101
0.509418,-1.80267,0.357528,-2.70524,-2.26689,2.23802
0.515316,-1.80461,0.351582,-2.70832,-2.26095,2.23195
0.518315,-1.80556,0.348679,-2.7098,-2.25799,2.22894
0.521319,-1.80647,0.345672,-2.71117,-2.25499,2.22595
0.524411,-1.80744,0.342675,-2.71258,-2.25192,2.22292
0.527506,-1.80838,0.339633,-2.71405,-2.24889,2.21993
0.530532,-1.8093,0.336617,-2.71546,-2.24579,2.2168
0.533656,-1.81024,0.333449,-2.71687,-2.24267,2.21375
0.536662,-1.81113,0.330367,-2.71834,-2.23961,2.21069
0.53976,-1.81203,0.327274,-2.71972,-2.23653,2.20761
0.542739,-1.81295,0.324205,-2.72114,-2.23358,2.20455
0.545785,-1.81392,0.321208,-2.72259,-2.23052,2.20149
0.548813,-1.81483,0.318131,-2.72405,-2.22752,2.19842
0.551892,-1.81575,0.315093,-2.7254,-2.22447,2.19536
0.555073,-1.81663,0.312026,-2.72672,-2.2214,2.19226
0.558225,-1.81754,0.308984,-2.72811,-2.21823,2.18921
0.561345,-1.81841,0.30593,-2.72957,-2.21501,2.18612
0.564467,-1.81927,0.302733,-2.73094,-2.21195,2.18304
0.567612,-1.82014,0.299559,-2.73229,-2.20879,2.17987
0.570678,-1.82105,0.296433,-2.73368,-2.20569,2.17676
0.573772,-1.82189,0.293292,-2.73505,-2.20263,2.17364
0.576828,-1.82279,0.2902,-2.73641,-2.19957,2.17054
0.579907,-1.82363,0.287129,-2.73775,-2.19642,2.16742
0.583008,-1.8245,0.284058,-2.73904,-2.19336,2.16429
0.586176,-1.82531,0.280896,-2.74024,-2.19021,2.16114
0.589316,-1.82617,0.27783,-2.7415,-2.18705,2.15807
0.592492,-1.827,0.274665,-2.74282,-2.18385,2.15483
0.59887,-1.82861,0.268225,-2.74548,-2.17743,2.14849
0.602045,-1.82939,0.265025,-2.74676,-2.17424,2.14528
0.605186,-1.83021,0.261802,-2.74798,-2.17114,2.14212
0.608276,-1.83099,0.258653,-2.74929,-2.16795,2.13897
0.611403,-1.83185,0.255526,-2.75058,-2.16479,2.13575
0.614606,-1.83263,0.252384,-2.75176,-2.16172,2.13268
0.617861,-1.83339,0.249206,-2.75294,-2.15852,2.12953
0.621072,-1.83418,0.246019,-2.75411,-2.15527,2.12636
0.624318,-1.83495,0.242746,-2.7553,-2.15197,2.12317
0.627599,-1.83572,0.239549,-2.75657,-2.14868,2.11988
0.630837,-1.83648,0.236216,-2.7578,-2.14547,2.11663
0.634066,-1.83718,0.232959,-2.75902,-2.1423,2.11342
0.637196,-1.838,0.229698,-2.76025,-2.13916,2.11011
0.640403,-1.83876,0.226508,-2.76151,-2.13595,2.10693
0.643555,-1.83951,0.223397,-2.76275,-2.13277,2.10366
0.646869,-1.84026,0.220231,-2.76387,-2.12957,2.10044
0.650136,-1.84104,0.216998,-2.76488,-2.12627,2.09724
0.653435,-1.84173,0.21371,-2.76597,-2.12291,2.09397
0.65675,-1.8425,0.210418,-2.76704,-2.1196,2.09068
0.66006,-1.84324,0.207109,-2.76821,-2.11621,2.08738
0.663289,-1.8439,0.203757,-2.76929,-2.11297,2.08412
0.666558,-1.84462,0.20039,-2.77041,-2.10976,2.08082
0.669752,-1.84532,0.197162,-2.77155,-2.1065,2.07749
0.672957,-1.84606,0.193893,-2.77275,-2.10327,2.07421
0.676264,-1.84679,0.190669,-2.77384,-2.10003,2.071
0.679542,-1.84747,0.187383,-2.77484,-2.09675,2.06768
0.686244,-1.84889,0.180764,-2.77687,-2.09001,2.06106
0.689597,-1.84957,0.177403,-2.77792,-2.08665,2.05767
0.692978,-1.8502,0.174006,-2.77894,-2.08326,2.05435
0.696349,-1.85081,0.170634,-2.77996,-2.07993,2.05096
0.699655,-1.85149,0.167283,-2.78104,-2.07671,2.04764
0.702972,-1.85216,0.164004,-2.78209,-2.07338,2.04436
0.706304,-1.85287,0.160678,-2.78311,-2.07005,2.04101
0.709682,-1.8535,0.157447,-2.78402,-2.06672,2.03768
0.713045,-1.85412,0.154133,-2.78499,-2.06337,2.03439
0.716463,-1.85479,0.150746,-2.78588,-2.05996,2.031
0.719836,-1.85539,0.147366,-2.78683,-2.05653,2.02762
0.723255,-1.856,0.143872,-2.7878,-2.05308,2.02417
0.726568,-1.85659,0.14048,-2.78876,-2.04977,2.0208
0.729852,-1.85724,0.13713,-2.78976,-2.04645,2.01743
0.733169,-1.85787,0.133756,-2.79085,-2.04313,2.01411
0.736494,-1.85853,0.130471,-2.79183,-2.03977,2.01073
0.739773,-1.85916,0.127198,-2.79277,-2.03649,2.00749
0.743224,-1.85978,0.123885,-2.79366,-2.03316,2.00412
0.746599,-1.86033,0.120481,-2.7945,-2.02976,2.00078
0.750021,-1.86092,0.117102,-2.7954,-2.02629,1.99734
0.753441,-1.86148,0.113637,-2.79631,-2.02281,1.99391
0.756855,-1.86206,0.110161,-2.79717,-2.0194,1.99052
0.760262,-1.86264,0.10672,-2.7981,-2.01603,1.98712
0.763554,-1.86321,0.103348,-2.79903,-2.01274,1.98372
0.766954,-1.86375,0.099983,-2.79998,-2.00939,1.9803
0.770298,-1.86437,0.0966385,-2.80081,-2.006,1.97696
0.777167,-1.86548,0.0899494,-2.8024,-1.99921,1.9702
0.780535,-1.86605,0.0865334,-2.80321,-1.99573,1.96676
0.783989,-1.86664,0.0831612,-2.80413,-1.99231,1.96337
0.787366,-1.86715,0.0796536,-2.80501,-1.98893,1.95995
0.790775,-1.86772,0.0762623,-2.80588,-1.98557,1.95657
0.794032,-1.86828,0.0728644,-2.80685,-1.98231,1.95319
0.797321,-1.86883,0.0695389,-2.80779,-1.97895,1.94994
0.800684,-1.86939,0.0662487,-2.80869,-1.97566,1.94659
0.804106,-1.86992,0.0629376,-2.80947,-1.97234,1.94321
0.8075,-1.87049,0.0595902,-2.81021,-1.96885,1.93987
0.810966,-1.87098,0.0561684,-2.81097,-1.96539,1.9365
0.81436,-1.87147,0.0527142,-2.81183,-1.96184,1.93297
0.817867,-1.87196,0.0491894,-2.81262,-1.95841,1.92953
0.821305,-1.87243,0.0457056,-2.81345,-1.95499,1.92603
0.824658,-1.8729,0.0421923,-2.81437,-1.9516,1.92261
0.828094,-1.87336,0.0387734,-2.81527,-1.94824,1.91925
0.831528,-1.87384,0.0353592,-2.81617,-1.94475,1.91571
0.835042,-1.87428,0.0319317,-2.81697,-1.94128,1.91225
0.838585,-1.87469,0.0285576,-2.81771,-1.9378,1.90887
0.842055,-1.87511,0.0250157,-2.81837,-1.93425,1.9054
0.845643,-1.87552,0.021508,-2.81917,-1.93071,1.9018
0.849151,-1.87593,0.0179203,-2.81996,-1.92713,1.89823
0.852686,-1.87629,0.0143641,-2.82078,-1.92367,1.89476
0.856077,-1.87671,0.0108326,-2.82177,-1.92027,1.89129
0.862823,-1.87752,0.00403291,-2.82358,-1.91342,1.88429
0.866316,-1.87795,0.00061113,-2.82435,-1.90996,1.88085
0.869901,-1.87834,-0.00281048,-2.82494,-1.90645,1.87737
0.873376,-1.87871,-0.0062809,-2.82556,-1.90288,1.8739
0.876945,-1.87907,-0.00983715,-2.82626,-1.89931,1.87033
0.880474,-1.87951,-0.0134344,-2.82695,-1.89578,1.86686
0.883973,-1.87983,-0.0169668,-2.82763,-1.89223,1.86329
0.887454,-1.88016,-0.0205593,-2.82851,-1.88886,1.85981
0.890906,-1.88057,-0.0239725,-2.82934,-1.88538,1.85639
0.894368,-1.88098,-0.0273848,-2.83016,-1.88197,1.8529
0.897875,-1.88138,-0.0308695,-2.83082,-1.87845,1.84944
0.901379,-1.8817,-0.034255,-2.83141,-1.87495,1.846
0.904924,-1.8821,-0.0377111,-2.832,-1.87147,1.84253
0.908403,-1.88244,-0.041255,-2.83262,-1.86794,1.839
0.911959,-1.88282,-0.0447493,-2.83334,-1.86439,1.83548
0.915425,-1.88318,-0.0483131,-2.83407,-1.861,1.83197
0.918787,-1.88355,-0.0518122,-2.83493,-1.85761,1.82852
0.922246,-1.88386,-0.055232,-2.83579,-1.8542,1.82507
0.925654,-1.88426,-0.0586338,-2.83655,-1.85068,1.82161
0.929089,-1.88463,-0.0620394,-2.83728,-1.8472,1.81825
0.932581,-1.885,-0.0654001,-2.83788,-1.84371,1.81477
0.936085,-1.88531,-0.0688734,-2.83853,-1.8402,1.81131
0.939579,-1.8857,-0.0723848,-2.8392,-1.83668,1.80782
0.943102,-1.88601,-0.0759382,-2.83981,-1.83316,1.80429
0.946568,-1.88637,-0.0794935,-2.84044,-1.8297,1.80076
0.953426,-1.88708,-0.0864134,-2.8419,-1.82288,1.79386
0.95681,-1.8874,-0.0898275,-2.84255,-1.81946,1.7904
0.960205,-1.88774,-0.0932035,-2.84318,-1.81597,1.78696
0.963728,-1.88811,-0.0966187,-2.84364,-1.81252,1.78358
0.96717,-1.88848,-0.100089,-2.84414,-1.80904,1.78017
0.970654,-1.88883,-0.103494,-2.84471,-1.80551,1.77666
0.97415,-1.88918,-0.107074,-2.84533,-1.80205,1.77321
0.977646,-1.8895,-0.110579,-2.84595,-1.79868,1.76973
0.980998,-1.88981,-0.114057,-2.84671,-1.79536,1.76631
0.984437,-1.89021,-0.117478,-2.84743,-1.79194,1.76287
0.987775,-1.89055,-0.120842,-2.84808,-1.78849,1.75939
0.991182,-1.89093,-0.124238,-2.8487,-1.78504,1.75599
0.994687,-1.89122,-0.127616,-2.84916,-1.78162,1.75257
0.998137,-1.89155,-0.131093,-2.84965,-1.77818,1.74918
1.00164,-1.8919,-0.134524,-2.85025,-1.77457,1.74569
1.00513,-1.89219,-0.13803,-2.85082,-1.77113,1.74222
1.00861,-1.89246,-0.141534,-2.85138,-1.76778,1.73876
1.01197,-1.8928,-0.145,-2.85209,-1.76437,1.73531
1.01537,-1.89314,-0.148419,-2.85284,-1.76105,1.73193
1.01872,-1.89345,-0.151793,-2.85346,-1.75765,1.72847
1.02211,-1.89377,-0.155135,-2.85404,-1.7542,1.72507
1.02557,-1.89406,-0.158467,-2.85454,-1.75083,1.72171
1.02901,-1.89436,-0.16191,-2.85501,-1.74731,1.71835
1.03245,-1.89469,-0.165327,-2.85552,-1.74385,1.71487
1.03588,-1.89497,-0.168815,-2.85604,-1.74043,1.71144
1.03936,-1.89526,-0.172323,-2.85662,-1.73705,1.70801
1.04269,-1.89554,-0.17577,-2.85725,-1.73372,1.70462
1.04941,-1.89615,-0.182483,-2.85855,-1.72699,1.69784
1.05281,-1.89646,-0.185822,-2.85908,-1.72354,1.69452
1.05622,-1.89677,-0.18914,-2.85951,-1.72014,1.69114
1.0596,-1.89704,-0.192494,-2.85998,-1.7167,1.6878
1.06301,-1.89734,-0.195882,-2.86041,-1.71324,1.68438
1.06644,-1.89763,-0.199378,-2.86088,-1.7098,1.68093
1.06993,-1.89786,-0.202853,-2.86137,-1.70636,1.67754
1.07332,-1.89814,-0.206265,-2.86183,-1.70307,1.6741
1.07669,-1.8984,-0.209628,-2.86234,-1.69976,1.67074
1.08,-1.89872,-0.212985,-2.86288,-1.69638,1.66733
1.08339,-1.89901,-0.21635,-2.86329,-1.69296,1.66394
1.08674,-1.89929,-0.219692,-2.86367,-1.68954,1.66056
1.09015,-1.89958,-0.223048,-2.86397,-1.68617,1.65726
1.09354,-1.89986,-0.226396,-2.86432,-1.68268,1.65383
1.09702,-1.90013,-0.229857,-2.8647,-1.67918,1.65039
1.10038,-1.90035,-0.233332,-2.86507,-1.67577,1.64696
1.10377,-1.90062,-0.236769,-2.86548,-1.67246,1.64358
1.10707,-1.90089,-0.240122,-2.86601,-1.66917,1.64023
1.11041,-1.9012,-0.243436,-2.86648,-1.6658,1.63682
1.11376,-1.90145,-0.246846,-2.86696,-1.66242,1.63339
1.11709,-1.90176,-0.250132,-2.86735,-1.659,1.63015
1.12047,-1.90199,-0.253406,-2.86772,-1.65566,1.62672
1.12397,-1.90223,-0.256841,-2.86799,-1.65223,1.62335
1.13087,-1.90273,-0.26378,-2.86865,-1.64536,1.61645
1.13427,-1.90294,-0.267201,-2.86899,-1.64208,1.61306
1.13763,-1.90324,-0.270582,-2.86948,-1.63882,1.60968
1.14101,-1.90352,-0.27394,-2.86989,-1.63552,1.60637
1.1443,-1.90373,-0.277227,-2.87035,-1.63211,1.60301
1.14765,-1.90402,-0.280489,-2.87071,-1.62867,1.59968
1.15101,-1.90432,-0.283851,-2.87108,-1.62529,1.59635
1.15436,-1.90455,-0.287189,-2.8713,-1.62194,1.59301
1.15776,-1.90485,-0.29051,-2.87159,-1.61847,1.5896
1.16111,-1.90507,-0.29394,-2.87194,-1.6151,1.58625
1.16452,-1.90527,-0.297429,-2.8723,-1.61185,1.58284
1.16782,-1.90556,-0.300769,-2.87268,-1.60861,1.57944
1.17113,-1.90586,-0.304123,-2.87315,-1.60529,1.57613
1.17441,-1.90607,-0.307422,-2.87352,-1.60201,1.57288
1.17772,-1.90634,-0.310702,-2.87393,-1.59867,1.56953
1.18105,-1.90661,-0.313981,-2.87425,-1.59522,1.56621
1.18441,-1.90686,-0.317361,-2.87451,-1.59186,1.56285
1.18781,-1.90706,-0.320657,-2.87476,-1.58845,1.55949
1.19124,-1.90727,-0.324025,-2.87504,-1.58499,1.55611
1.1946,-1.90751,-0.327453,-2.87533,-1.58162,1.55272
1.19792,-1.90774,-0.330814,-2.87567,-1.57839,1.54933
1.20121,-1.90799,-0.334201,-2.87612,-1.57514,1.54601
1.20451,-1.90822,-0.33751,-2.87648,-1.57188,1.54275
1.20777,-1.90842,-0.340763,-2.87684,-1.56849,1.5394
1.21108,-1.90874,-0.344107,-2.87719,-1.56513,1.5361
1.21777,-1.90917,-0.35065,-2.87769,-1.55841,1.5295
1.22117,-1.90941,-0.354076,-2.878,-1.55502,1.52614
1.22457,-1.9096,-0.357461,-2.87831,-1.55167,1.52281
1.22791,-1.9098,-0.360839,-2.87861,-1.54841,1.51946
1.23122,-1.9101,-0.364158,-2.87899,-1.54518,1.51614
1.23449,-1.91034,-0.367517,-2.87942,-1.54195,1.51283
1.23773,-1.91054,-0.370778,-2.87978,-1.53863,1.50953
1.24102,-1.91082,-0.374035,-2.88019,-1.53526,1.50624
1.24435,-1.91106,-0.377343,-2.88046,-1.53187,1.5029
1.24766,-1.91125,-0.380609,-2.88072,-1.52858,1.49962
1.25103,-1.91147,-0.38395,-2.88092,-1.52517,1.49628
1.25437,-1.91166,-0.387349,-2.88118,-1.52175,1.49293
1.25773,-1.91185,-0.390759,-2.88145,-1.51854,1.48959
1.26106,-1.91209,-0.394079,-2.88175,-1.51529,1.4862
1.26435,-1.91234,-0.397392,-2.88213,-1.51204,1.48292
1.26761,-1.91252,-0.400689,-2.88251,-1.50877,1.47968
1.27089,-1.91283,-0.403947,-2.88289,-1.50543,1.47632
1.27415,-1.91301,-0.407189,-2.88318,-1.50202,1.4731
1.27746,-1.91327,-0.41045,-2.88345,-1.49872,1.46983
1.28075,-1.91344,-0.413733,-2.88363,-1.4953,1.46656
1.2841,-1.91369,-0.417066,-2.88387,-1.49204,1.46319
1.2875,-1.91386,-0.420417,-2.88415,-1.48869,1.45991
1.29081,-1.91409,-0.423768,-2.88441,-1.48548,1.4566
1.29405,-1.91427,-0.427075,-2.88474,-1.48229,1.45327
1.29732,-1.91454,-0.430342,-2.88515,-1.47908,1.45001
1.3006,-1.91476,-0.43356,-2.88545,-1.47578,1.44673
1.30711,-1.9152,-0.440024,-2.8861,-1.46919,1.44021
1.31043,-1.91537,-0.443278,-2.8863,-1.46585,1.43688
1.31377,-1.91557,-0.446602,-2.88651,-1.46241,1.43358
1.31705,-1.91574,-0.449939,-2.88677,-1.45909,1.43027
1.32042,-1.91592,-0.453311,-2.88697,-1.45585,1.427
1.32373,-1.91611,-0.456627,-2.88724,-1.45266,1.42368
1.327,-1.91631,-0.459888,-2.88757,-1.44947,1.42042
1.33022,-1.91654,-0.463157,-2.88794,-1.44626,1.4172
1.33344,-1.91674,-0.466414,-2.88829,-1.44297,1.4139
1.33666,-1.91693,-0.469677,-2.88856,-1.43963,1.41065
1.33994,-1.91716,-0.47291,-2.8888,-1.43637,1.40734
1.34327,-1.91739,-0.47619,-2.88899,-1.43303,1.4041
1.34652,-1.91756,-0.479445,-2.88926,-1.42971,1.40078
1.34984,-1.91772,-0.48282,-2.88948,-1.42635,1.39751
1.35316,-1.91792,-0.486145,-2.88968,-1.42321,1.3942
1.35643,-1.91807,-0.489352,-2.89,-1.42003,1.39093
1.35966,-1.91832,-0.492615,-2.89034,-1.41682,1.38769
1.36287,-1.9185,-0.495869,-2.89062,-1.41359,1.38448
1.36614,-1.91868,-0.499056,-2.89091,-1.41021,1.3812
1.36936,-1.9189,-0.502269,-2.89116,-1.40693,1.378
1.37264,-1.91907,-0.505582,-2.89138,-1.40364,1.37473
1.37597,-1.91924,-0.508828,-2.89154,-1.40038,1.37145
1.37927,-1.91942,-0.512103,-2.89171,-1.39705,1.3681
1.38255,-1.91958,-0.515471,-2.8919,-1.39383,1.3648
1.38593,-1.91976,-0.518724,-2.89212,-1.39068,1.36144
1.38917,-1.91989,-0.52203,-2.89244,-1.38759,1.35824
1.39241,-1.9201,-0.525247,-2.89279,-1.38438,1.35499
1.39886,-1.92048,-0.531672,-2.89343,-1.37788,1.34855
1.40208,-1.92064,-0.534904,-2.89364,-1.37463,1.34533
1.40531,-1.92085,-0.538121,-2.89382,-1.37136,1.3421
1.40856,-1.921,-0.541421,-2.89404,-1.36812,1.33885
1.41184,-1.92116,-0.544694,-2.89424,-1.36483,1.33558
1.4151,-1.92128,-0.548051,-2.89439,-1.36163,1.33228
1.41841,-1.92148,-0.551301,-2.89466,-1.35858,1.32902
1.4216,-1.92164,-0.554585,-2.89504,-1.35542,1.3258
1.42478,-1.92183,-0.557775,-2.89533,-1.35222,1.32254
1.42799,-1.92199,-0.561001,-2.89565,-1.34898,1.31927
1.43121,-1.92219,-0.564204,-2.89595,-1.34568,1.31607
1.43444,-1.92234,-0.56741,-2.89616,-1.34249,1.31277
1.43767,-1.92248,-0.570647,-2.89633,-1.33919,1.30959
1.44098,-1.92267,-0.573861,-2.89649,-1.33601,1.30633
1.44423,-1.92282,-0.577156,-2.89666,-1.33281,1.30302
1.44758,-1.92297,-0.580489,-2.89687,-1.32983,1.2998
1.45085,-1.92312,-0.583747,-2.89711,-1.32678,1.29661
1.45401,-1.92329,-0.586929,-2.89749,-1.3238,1.29339
1.4572,-1.92349,-0.590163,-2.89778,-1.32075,1.29019
1.46037,-1.92362,-0.593381,-2.89808,-1.31761,1.28701
1.46351,-1.92379,-0.596519,-2.89831,-1.31446,1.2838
1.46672,-1.92397,-0.599738,-2.89851,-1.31136,1.2806
1.46996,-1.92417,-0.602904,-2.89866,-1.30827,1.27738
1.4732,-1.92428,-0.606162,-2.89883,-1.30515,1.27406
1.47983,-1.9246,-0.612731,-2.8992,-1.29919,1.26758
1.48304,-1.92474,-0.615932,-2.89955,-1.29624,1.26436
1.4862,-1.92493,-0.619145,-2.89988,-1.29333,1.26118
1.48939,-1.92506,-0.622315,-2.90023,-1.29043,1.25799
1.49266,-1.92524,-0.625503,-2.9005,-1.28737,1.25476
1.49576,-1.92542,-0.62869,-2.90074,-1.28434,1.25157
1.49895,-1.92559,-0.631856,-2.90083,-1.28133,1.24844
1.50214,-1.92575,-0.635102,-2.90095,-1.27833,1.24516
1.50534,-1.92586,-0.638352,-2.90118,-1.27538,1.2419
1.50863,-1.92603,-0.641563,-2.90131,-1.27244,1.23871
1.51191,-1.9262,-0.644864,-2.90148,-1.26957,1.23548
1.51516,-1.92634,-0.648087,-2.90185,-1.26676,1.23228
1.51828,-1.92651,-0.651256,-2.90218,-1.26396,1.2291
1.52147,-1.92664,-0.654421,-2.9025,-1.26117,1.22587
1.52461,-1.92686,-0.657578,-2.90282,-1.2583,1.22271
1.52774,-1.92699,-0.66075,-2.90298,-1.25539,1.21947
1.53093,-1.92712,-0.663925,-2.90311,-1.25251,1.21627
1.53418,-1.92734,-0.667162,-2.90325,-1.24971,1.21307
1.53743,-1.92743,-0.670397,-2.90342,-1.24685,1.20988
1.54067,-1.92759,-0.673637,-2.90351,-1.24409,1.2066
1.54392,-1.92772,-0.676858,-2.90372,-1.24126,1.20347
1.54716,-1.92792,-0.680079,-2.90408,-1.23853,1.20028
1.5503,-1.92807,-0.683225,-2.90439,-1.23583,1.19712
1.55345,-1.92815,-0.686391,-2.90466,-1.2331,1.19391
1.55656,-1.92838,-0.689487,-2.90491,-1.23041,1.19079
1.55971,-1.9285,-0.69267,-2.90509,-1.22759,1.18757
1.56286,-1.92871,-0.695838,-2.90521,-1.22482,1.18438
1.56937,-1.92894,-0.702302,-2.90552,-1.21941,1.17788
1.57265,-1.92907,-0.705594,-2.90564,-1.21668,1.1747
1.57586,-1.92922,-0.708844,-2.90585,-1.21402,1.17147
1.57911,-1.92941,-0.712056,-2.90623,-1.21143,1.1683
1.58227,-1.92956,-0.71522,-2.90652,-1.2088,1.16516
1.58543,-1.92971,-0.718354,-2.90687,-1.20612,1.16202
1.58859,-1.92985,-0.721445,-2.90707,-1.20351,1.15886
1.59173,-1.93001,-0.724633,-2.90727,-1.20091,1.15568
1.59486,-1.93016,-0.727771,-2.90733,-1.19831,1.1525
1.59809,-1.93032,-0.730964,-2.90748,-1.19569,1.1492
1.60125,-1.93045,-0.734184,-2.90765,-1.19308,1.14597
1.60452,-1.93059,-0.737451,-2.90775,-1.19053,1.14281
1.60775,-1.93076,-0.740659,-2.90801,-1.18797,1.13956
1.61097,-1.93088,-0.743869,-2.90837,-1.18545,1.13639
1.61411,-1.93102,-0.747031,-2.90865,-1.18294,1.13327
1.6173,-1.93117,-0.750162,-2.90889,-1.18038,1.13008
1.62039,-1.93136,-0.753306,-2.9091,-1.17777,1.12694
1.62354,-1.93148,-0.756454,-2.90925,-1.1752,1.12378
1.6267,-1.93165,-0.759629,-2.90938,-1.17273,1.12059
1.62986,-1.93179,-0.762811,-2.90951,-1.17021,1.11738
1.63314,-1.9319,-0.766038,-2.90967,-1.16774,1.11415
1.63638,-1.93204,-0.769256,-2.90981,-1.16537,1.11099
1.63964,-1.93218,-0.772471,-2.91005,-1.16288,1.10779
1.64282,-1.93234,-0.775669,-2.91033,-1.16044,1.10463
1.64597,-1.93245,-0.778814,-2.91065,-1.15808,1.10145
1.64913,-1.9326,-0.781986,-2.91092,-1.15557,1.0983
1.65225,-1.93276,-0.785161,-2.91115,-1.15308,1.09516
1.65856,-1.93307,-0.791498,-2.91132,-1.1481,1.08874
1.66173,-1.93318,-0.794689,-2.91152,-1.14565,1.08546
1.66497,-1.93329,-0.797943,-2.9116,-1.14328,1.08225
1.66825,-1.93341,-0.801133,-2.91174,-1.1409,1.07909
1.67146,-1.93353,-0.804366,-2.91202,-1.13864,1.07588
1.67464,-1.93369,-0.807537,-2.91233,-1.13639,1.07269
1.67782,-1.93381,-0.810713,-2.91262,-1.13415,1.06957
1.681,-1.93394,-0.813866,-2.91287,-1.13182,1.06643
1.68415,-1.93411,-0.817014,-2.91307,-1.12945,1.06322
1.68728,-1.93426,-0.820154,-2.91323,-1.12713,1.06012
1.69043,-1.9344,-0.823337,-2.91329,-1.12481,1.05691
1.69362,-1.93456,-0.82649,-2.91341,-1.12243,1.05369
1.6968,-1.93464,-0.829722,-2.91356,-1.12015,1.05048
1.7001,-1.93477,-0.832935,-2.9137,-1.11784,1.04726
1.70327,-1.9349,-0.836192,-2.91399,-1.11557,1.04411
1.70643,-1.93503,-0.839379,-2.91431,-1.11342,1.04096
1.70967,-1.93516,-0.842538,-2.91461,-1.11126,1.03775
1.7128,-1.9353,-0.845673,-2.91481,-1.10903,1.03461
1.71594,-1.93543,-0.84881,-2.91504,-1.10687,1.03144
1.71907,-1.93556,-0.851933,-2.91518,-1.10471,1.02829
1.72224,-1.93567,-0.8551,-2.9152,-1.10246,1.02511
1.72536,-1.93584,-0.858342,-2.91533,-1.10019,1.02185
1.72864,-1.93596,-0.861558,-2.9154,-1.09801,1.01861
1.73187,-1.93608,-0.864764,-2.91555,-1.0958,1.0154
1.73511,-1.93623,-0.867986,-2.91579,-1.09363,1.01228
1.74152,-1.93648,-0.874318,-2.91637,-1.08941,1.00592
1.74471,-1.93665,-0.877473,-2.9166,-1.08726,1.00279
1.74781,-1.93677,-0.880597,-2.91682,-1.08508,0.999608
1.75098,-1.9369,-0.8837,-2.91687,-1.08296,0.99648
1.75408,-1.93702,-0.886922,-2.91696,-1.08088,0.993256
1.75731,-1.93712,-0.890131,-2.91704,-1.07874,0.990012
1.76049,-1.93726,-0.893348,-2.91711,-1.07666,0.986813
1.76368,-1.93738,-0.896613,-2.91727,-1.07465,0.983554
1.76691,-1.93754,-0.89984,-2.91753,-1.07266,0.980356
1.77014,-1.93767,-0.903029,-2.91782,-1.07064,0.97722
1.77329,-1.93781,-0.906259,-2.91804,-1.06868,0.97401
1.7765,-1.93792,-0.909427,-2.91828,-1.06662,0.970848
1.77964,-1.93806,-0.912618,-2.91849,-1.06458,0.967677
1.78284,-1.93821,-0.915767,-2.91853,-1.06253,0.964501
1.78599,-1.93833,-0.918919,-2.91862,-1.06045,0.9613
1.78923,-1.93843,-0.922155,-2.91871,-1.05843,0.958083
1.79245,-1.93857,-0.925389,-2.91881,-1.05637,0.954864
1.79562,-1.93864,-0.928588,-2.91896,-1.05436,0.951615
1.79884,-1.9388,-0.931853,-2.91921,-1.05243,0.948454
1.80204,-1.93894,-0.935026,-2.91954,-1.05049,0.945281
1.80524,-1.93903,-0.938177,-2.91983,-1.04861,0.942046
1.80842,-1.93918,-0.941395,-2.92007,-1.04674,0.938891
1.81164,-1.93931,-0.944535,-2.92021,-1.04484,0.935693
1.81803,-1.93951,-0.950938,-2.92036,-1.04109,0.929264
1.82126,-1.93964,-0.954143,-2.92047,-1.03912,0.926063
1.82446,-1.93976,-0.957425,-2.92054,-1.0372,0.922798
1.82767,-1.93985,-0.960666,-2.92068,-1.03531,0.919584
1.83085,-1.93998,-0.963885,-2.92093,-1.03343,0.91632
1.83408,-1.94009,-0.967136,-2.9212,-1.03165,0.913134
1.83727,-1.94022,-0.970342,-2.92148,-1.02977,0.909931
1.84042,-1.9403,-0.973538,-2.92169,-1.02796,0.906661
1.84366,-1.94042,-0.976753,-2.9218,-1.02608,0.903445
1.84682,-1.9405,-0.979969,-2.92191,-1.02426,0.900185
1.84997,-1.94067,-0.983243,-2.92195,-1.02239,0.896876
1.85321,-1.94078,-0.986516,-2.92201,-1.02053,0.893613
1.85637,-1.9408,-0.989814,-2.92211,-1.01874,0.890309
1.85959,-1.94101,-0.993096,-2.92226,-1.01693,0.887068
1.86278,-1.94109,-0.996337,-2.92255,-1.01519,0.883834
1.866,-1.94122,-0.999615,-2.92277,-1.01347,0.880507
1.8692,-1.94132,-1.00288,-2.92302,-1.01173,0.877259
1.8724,-1.9414,-1.0061,-2.92326,-1.01009,0.873939
1.87562,-1.94152,-1.00935,-2.92336,-1.00828,0.870691
1.87879,-1.94166,-1.01264,-2.92343,-1.0065,0.867326
1.88202,-1.94176,-1.01595,-2.92353,-1.00471,0.863959
1.88524,-1.94182,-1.01926,-2.92355,-1.00295,0.860582
1.88843,-1.94197,-1.02255,-2.92364,-1.00112,0.857298
1.89468,-1.94219,-1.02907,-2.92408,-0.997725,0.850553
1.8979,-1.94234,-1.03236,-2.92432,-0.996002,0.847187
1.90104,-1.94243,-1.03561,-2.9246,-0.994221,0.84383
1.9042,-1.94254,-1.03892,-2.92475,-0.992482,0.840478
1.90744,-1.94266,-1.04221,-2.92484,-0.99082,0.837047
1.91059,-1.94277,-1.04557,-2.92489,-0.989108,0.833601
1.91387,-1.94285,-1.04885,-2.925,-0.987399,0.830106
1.91706,-1.943,-1.05223,-2.92504,-0.985721,0.826631
1.92022,-1.94306,-1.05553,-2.92518,-0.984059,0.823229
1.9234,-1.94319,-1.05882,-2.92539,-0.982405,0.819792
1.92657,-1.94332,-1.06221,-2.92569,-0.980742,0.816301
1.92979,-1.94345,-1.06546,-2.92593,-0.979153,0.81283
1.93293,-1.94354,-1.06877,-2.92614,-0.977501,0.80939
1.93611,-1.94366,-1.07211,-2.92628,-0.975825,0.805864
1.93927,-1.94379,-1.07548,-2.92631,-0.974184,0.802266
1.94253,-1.94387,-1.07882,-2.92644,-0.972533,0.798757
1.94568,-1.94396,-1.08224,-2.92645,-0.970894,0.795178
1.94891,-1.94405,-1.08558,-2.92661,-0.969241,0.791582
1.95212,-1.94423,-1.08894,-2.92679,-0.967516,0.788021
1.95537,-1.94431,-1.09223,-2.92708,-0.965937,0.784437
1.95855,-1.9444,-1.09558,-2.92732,-0.964311,0.780832
1.96176,-1.94453,-1.09888,-2.92752,-0.962659,0.777232
1.96816,-1.94476,-1.10564,-2.92775,-0.959488,0.769889
1.97139,-1.94488,-1.109,-2.92783,-0.957922,0.766205
1.97461,-1.94496,-1.11241,-2.92791,-0.956345,0.762462
1.97788,-1.94507,-1.11584,-2.92798,-0.954717,0.758771
1.9811,-1.94516,-1.11921,-2.92816,-0.953217,0.755082
1.98432,-1.94527,-1.12255,-2.9284,-0.951625,0.751355
1.98751,-1.94539,-1.12591,-2.92867,-0.950054,0.747617
1.9907,-1.94548,-1.12929,-2.9289,-0.948502,0.743762
1.99392,-1.94559,-1.13269,-2.92907,-0.946909,0.739927
1.99712,-1.9457,-1.13609,-2.92915,-0.945391,0.736128
2.00032,-1.94581,-1.13952,-2.92921,-0.943813,0.732249
2.00355,-1.94589,-1.14299,-2.92931,-0.942283,0.728338
2.0068,-1.94598,-1.14648,-2.92934,-0.940657,0.724493
2.01008,-1.94611,-1.1499,-2.92948,-0.939163,0.720606
2.01325,-1.94622,-1.15333,-2.92972,-0.937559,0.716738
2.01651,-1.94631,-1.15673,-2.92992,-0.935981,0.712852
2.01971,-1.94642,-1.16011,-2.93023,-0.934487,0.708837
2.02292,-1.94649,-1.16346,-2.93043,-0.932835,0.704835
2.02616,-1.94664,-1.16685,-2.93053,-0.931367,0.700902
2.02933,-1.94676,-1.17025,-2.93061,-0.929799,0.696889
2.03264,-1.94683,-1.17374,-2.93064,-0.928343,0.692819
2.03583,-1.9469,-1.17719,-2.93066,-0.926821,0.688754
2.03909,-1.94702,-1.18064,-2.93077,-0.925304,0.684717
2.04235,-1.94712,-1.18411,-2.93099,-0.923795,0.680656
2.04559,-1.94721,-1.18754,-2.93121,-0.9223,0.676523
2.0521,-1.94745,-1.19441,-2.93169,-0.919261,0.668272
2.05537,-1.94754,-1.19781,-2.9318,-0.917814,0.664124
2.05865,-1.94766,-1.2013,-2.93185,-0.916353,0.659983
2.06186,-1.94775,-1.20478,-2.93195,-0.91491,0.655908
2.06515,-1.94785,-1.20826,-2.93195,-0.913366,0.651779
2.0684,-1.94795,-1.2118,-2.93201,-0.911934,0.647532
2.0717,-1.94809,-1.21527,-2.93227,-0.910401,0.643262
2.07493,-1.94815,-1.21874,-2.93255,-0.908847,0.638966
2.07819,-1.9483,-1.22219,-2.93284,-0.907352,0.634693
2.08149,-1.94839,-1.22572,-2.93303,-0.905758,0.630392
2.08475,-1.94851,-1.22921,-2.93315,-0.904239,0.626092
2.08795,-1.94858,-1.23267,-2.93327,-0.902806,0.62179
2.09122,-1.94869,-1.23625,-2.93327,-0.901338,0.617498
2.09445,-1.94879,-1.2398,-2.93333,-0.899805,0.613125
2.09775,-1.94891,-1.2433,-2.93342,-0.898346,0.608787
2.10101,-1.94902,-1.24683,-2.93366,-0.896871,0.604398
2.1043,-1.94912,-1.25036,-2.9339,-0.895383,0.600037
2.1076,-1.94926,-1.25386,-2.93421,-0.893908,0.595608
2.11094,-1.94936,-1.2574,-2.93442,-0.892383,0.591212
2.11755,-1.94955,-1.2644,-2.93461,-0.88951,0.582271
2.12082,-1.94967,-1.26795,-2.93468,-0.888106,0.577711
2.12409,-1.94979,-1.27157,-2.9347,-0.886659,0.573193
2.12743,-1.94987,-1.27514,-2.93481,-0.885266,0.568736
2.13077,-1.95002,-1.27871,-2.93506,-0.883839,0.564157
2.13404,-1.9501,-1.28226,-2.9353,-0.882425,0.559656
2.1374,-1.95019,-1.28584,-2.93555,-0.880997,0.555099
2.14067,-1.95032,-1.28938,-2.93574,-0.879449,0.550403
2.14395,-1.95043,-1.29298,-2.93588,-0.877986,0.545792
2.14725,-1.95053,-1.29655,-2.93595,-0.876607,0.541186
2.15056,-1.95064,-1.30013,-2.93603,-0.875169,0.536547
2.15387,-1.95071,-1.30377,-2.93606,-0.87377,0.531924
2.15718,-1.95085,-1.30739,-2.93614,-0.87243,0.527338
2.1605,-1.95099,-1.31104,-2.93634,-0.871097,0.522687
2.16381,-1.95102,-1.31457,-2.93666,-0.869672,0.517939
2.16714,-1.95115,-1.3182,-2.93696,-0.868255,0.513191
2.17055,-1.95128,-1.3218,-2.93711,-0.866791,0.508397
2.1738,-1.95136,-1.3254,-2.93721,-0.8654,0.503592
2.17714,-1.95146,-1.32897,-2.93734,-0.863984,0.49884
2.18381,-1.95166,-1.33633,-2.93741,-0.861349,0.48932
2.18718,-1.95179,-1.33993,-2.93751,-0.860021,0.484463
2.19047,-1.95188,-1.34358,-2.93772,-0.858726,0.479646
2.19387,-1.95198,-1.34723,-2.93802,-0.857433,0.474755
2.19727,-1.95211,-1.35089,-2.9383,-0.85609,0.46981
2.20067,-1.9522,-1.35456,-2.93847,-0.854708,0.464923
2.20407,-1.95229,-1.35817,-2.93857,-0.853379,0.460019
2.20745,-1.9524,-1.36191,-2.93862,-0.852033,0.454969
2.21071,-1.9525,-1.3655,-2.93868,-0.850716,0.4501
2.21395,-1.95258,-1.36908,-2.93878,-0.849453,0.445312
2.21713,-1.95272,-1.37268,-2.93899,-0.848258,0.440487
2.2203,-1.95285,-1.37619,-2.93935,-0.847041,0.435832
2.22346,-1.95293,-1.37963,-2.93968,-0.845872,0.43119
2.22665,-1.95307,-1.38301,-2.93993,-0.844613,0.426475
2.22976,-1.95319,-1.38635,-2.9401,-0.843355,0.421848
2.23287,-1.95328,-1.38969,-2.94014,-0.842171,0.417236
2.23586,-1.95344,-1.39298,-2.9402,-0.841071,0.412766
2.23885,-1.95353,-1.39625,-2.94021,-0.839864,0.408213
2.24177,-1.95367,-1.39948,-2.94024,-0.838814,0.403849
2.24467,-1.95384,-1.40267,-2.9404,-0.837747,0.399462
2.24752,-1.95396,-1.4058,-2.94059,-0.836708,0.395021
2.25038,-1.95405,-1.40886,-2.94082,-0.835682,0.390683
2.25605,-1.95428,-1.415,-2.94121,-0.833614,0.382002
2.25879,-1.95435,-1.41793,-2.94129,-0.832647,0.377767
2.26144,-1.95453,-1.42084,-2.94142,-0.831666,0.373674
2.26414,-1.95463,-1.42375,-2.94149,-0.830686,0.369534
2.26679,-1.95467,-1.42671,-2.94151,-0.829746,0.365442
2.26938,-1.95479,-1.42955,-2.94158,-0.828813,0.361323
2.27194,-1.95487,-1.43237,-2.9417,-0.827988,0.357333
2.27442,-1.955,-1.43509,-2.94188,-0.827021,0.353338
2.27691,-1.95506,-1.4379,-2.94206,-0.826137,0.349379
2.27938,-1.95516,-1.4406,-2.94227,-0.825265,0.345381
2.28181,-1.95528,-1.44335,-2.94241,-0.82439,0.341574
2.28421,-1.95534,-1.44597,-2.94256,-0.823493,0.337779
2.28658,-1.95544,-1.4486,-2.9427,-0.822598,0.333975
2.28896,-1.95552,-1.45122,-2.94282,-0.821711,0.33016
2.29131,-1.95561,-1.45377,-2.94295,-0.820838,0.326459
2.2936,-1.95571,-1.45632,-2.94301,-0.820015,0.322771
2.29586,-1.95573,-1.45884,-2.94304,-0.819193,0.319132
2.29808,-1.95582,-1.46129,-2.94314,-0.818381,0.315549
2.30022,-1.95588,-1.46375,-2.9432,-0.817627,0.312018
2.3023,-1.95598,-1.46618,-2.94329,-0.816878,0.308458
2.30439,-1.95602,-1.4685,-2.94351,-0.816116,0.305022
2.3064,-1.9561,-1.47087,-2.9437,-0.8154,0.301563
2.30844,-1.95614,-1.47315,-2.94385,-0.81468,0.29812
2.31036,-1.95619,-1.47544,-2.94396,-0.813904,0.294718
2.31228,-1.95624,-1.47762,-2.94404,-0.813199,0.291435
2.31424,-1.95632,-1.4798,-2.94408,-0.812495,0.288177
2.31615,-1.95638,-1.48194,-2.94408,-0.811768,0.284922
2.31988,-1.95643,-1.48615,-2.94425,-0.810356,0.278661
2.32173,-1.95644,-1.4882,-2.9443,-0.809737,0.275566
2.32347,-1.95644,-1.49027,-2.94436,-0.809106,0.272505
2.32533,-1.95649,-1.49226,-2.9444,-0.808509,0.26944
2.32702,-1.95657,-1.49428,-2.94461,-0.807901,0.266418
2.32878,-1.95658,-1.49621,-2.94475,-0.807328,0.263482
2.33044,-1.95661,-1.49807,-2.94495,-0.806743,0.2605
2.33208,-1.95667,-1.49992,-2.94507,-0.806135,0.257646
2.33364,-1.95666,-1.50172,-2.94513,-0.80561,0.254757
2.33518,-1.95674,-1.50342,-2.94514,-0.805097,0.251951
2.33669,-1.95678,-1.50513,-2.94515,-0.804597,0.249244
2.33814,-1.95686,-1.50681,-2.94517,-0.804081,0.246502
2.33965,-1.95687,-1.50848,-2.94523,-0.803603,0.243937
2.34111,-1.95692,-1.51004,-2.94525,-0.803115,0.241313
2.34253,-1.95702,-1.51169,-2.94532,-0.802686,0.238708
2.34393,-1.95706,-1.51327,-2.94545,-0.802185,0.236115
2.34535,-1.95711,-1.51487,-2.94553,-0.801745,0.233597
2.34672,-1.95713,-1.51642,-2.94561,-0.801266,0.231079
2.3481,-1.95723,-1.51798,-2.94571,-0.800883,0.228678
2.34944,-1.9573,-1.51952,-2.94576,-0.800392,0.2263
2.35077,-1.95736,-1.52102,-2.94587,-0.799988,0.223975
2.35204,-1.95739,-1.52244,-2.94596,-0.799583,0.221601
2.35334,-1.95747,-1.52391,-2.94612,-0.799166,0.219319
2.35457,-1.95754,-1.52527,-2.94624,-0.798774,0.217054
2.35577,-1.9576,-1.52667,-2.94638,-0.798415,0.214939
2.35694,-1.95771,-1.52798,-2.94644,-0.798021,0.212768
2.35925,-1.95784,-1.53049,-2.94659,-0.797218,0.20853
2.36035,-1.95789,-1.53176,-2.94665,-0.796872,0.206491
2.36143,-1.95799,-1.53293,-2.94674,-0.796539,0.204519
2.36249,-1.95802,-1.53407,-2.9468,-0.79617,0.202479
2.36352,-1.95817,-1.53524,-2.94686,-0.795885,0.200593
2.36452,-1.9582,-1.5364,-2.94692,-0.795564,0.19872
2.36548,-1.95829,-1.53748,-2.94695,-0.79529,0.196846
2.36646,-1.95831,-1.53857,-2.94698,-0.795018,0.195035
2.36733,-1.95837,-1.53962,-2.94706,-0.794755,0.193314
2.36824,-1.95842,-1.54066,-2.94712,-0.794432,0.19161
2.36909,-1.95848,-1.54164,-2.94719,-0.79424,0.189932
2.36994,-1.9585,-1.5426,-2.94727,-0.793894,0.188277
2.3707,-1.95852,-1.54356,-2.94731,-0.79368,0.186706
2.37152,-1.95856,-1.54447,-2.94739,-0.793418,0.185134
2.37222,-1.95859,-1.54536,-2.94745,-0.793156,0.183638
2.37295,-1.9586,-1.54627,-2.94751,-0.792907,0.182136
2.37364,-1.95863,-1.54706,-2.94755,-0.792632,0.18077
2.3743,-1.95868,-1.5479,-2.94758,-0.792395,0.179355
2.37499,-1.95869,-1.54871,-2.94763,-0.792192,0.177999
2.37563,-1.95871,-1.54949,-2.94767,-0.792052,0.176632
2.37623,-1.95873,-1.55023,-2.94776,-0.791801,0.175299
2.37685,-1.95879,-1.55098,-2.94782,-0.791623,0.174088
2.37739,-1.95877,-1.55168,-2.94786,-0.791408,0.172854
2.37798,-1.95879,-1.55229,-2.94794,-0.791266,0.171723
2.3785,-1.95882,-1.55295,-2.94801,-0.791051,0.170573
2.37903,-1.95881,-1.5535,-2.94805,-0.790837,0.169505
2.37952,-1.9589,-1.5541,-2.94808,-0.790695,0.168433
2.38046,-1.95892,-1.55512,-2.94812,-0.790483,0.166503
2.3809,-1.95894,-1.55558,-2.94817,-0.790365,0.165597
2.38129,-1.95897,-1.55602,-2.94818,-0.790248,0.164661
2.38164,-1.95897,-1.55644,-2.9482,-0.790142,0.163847
2.382,-1.95902,-1.5568,-2.9482,-0.79012,0.163042
2.38236,-1.95906,-1.55718,-2.9482,-0.79005,0.162316
2.38263,-1.95908,-1.55751,-2.94821,-0.790004,0.161583
2.38291,-1.95909,-1.55779,-2.94825,-0.789934,0.160852
2.38319,-1.9591,-1.55811,-2.94824,-0.789923,0.16024
2.38338,-1.95913,-1.55838,-2.94832,-0.789948,0.159636
2.38361,-1.95915,-1.55855,-2.94829,-0.789841,0.159078
2.38381,-1.95915,-1.5588,-2.94833,-0.789854,0.158547
2.38394,-1.95921,-1.55902,-2.94838,-0.78982,0.158066
2.38408,-1.9592,-1.55918,-2.94841,-0.789869,0.157657
2.38417,-1.95926,-1.55928,-2.94839,-0.789846,0.157271
2.38428,-1.95922,-1.55941,-2.94844,-0.789837,0.156943
2.38436,-1.95927,-1.55951,-2.9485,-0.789877,0.156662
2.3844,-1.95926,-1.55957,-2.94853,-0.789866,0.15638
2.38443,-1.95933,-1.55958,-2.94855,-0.790024,0.15611
2.3844,-1.95932,-1.55962,-2.94856,-0.79005,0.15589
2.38433,-1.95934,-1.55956,-2.94862,-0.790133,0.155583
2.38424,-1.95935,-1.55955,-2.94861,-0.790144,0.155508
2.38413,-1.9594,-1.55944,-2.94863,-0.790216,0.155456
2.38407,-1.95939,-1.55931,-2.94871,-0.790301,0.155461
2.38396,-1.95944,-1.55917,-2.94869,-0.790325,0.155497
2.38386,-1.95946,-1.55904,-2.94864,-0.790374,0.155518
2.38377,-1.9595,-1.55898,-2.94858,-0.790469,0.155537
2.38367,-1.95949,-1.55879,-2.94857,-0.790505,0.155473
2.38356,-1.95948,-1.55867,-2.94852,-0.790528,0.155508
2.38343,-1.95945,-1.55857,-2.94852,-0.790587,0.155485
2.38328,-1.95946,-1.5585,-2.94851,-0.790634,0.155498
2.38316,-1.95945,-1.55837,-2.9485,-0.790718,0.155523
2.38307,-1.9594,-1.55832,-2.94856,-0.790694,0.155524
2.38296,-1.95944,-1.55823,-2.94858,-0.790766,0.155488
2.38286,-1.95939,-1.55816,-2.9486,-0.790778,0.155487
2.38272,-1.95933,-1.55805,-2.94867,-0.790814,0.155509
2.38255,-1.95931,-1.55798,-2.94869,-0.790814,0.155497
2.38245,-1.95931,-1.55791,-2.9487,-0.790861,0.155486
2.38241,-1.95926,-1.55776,-2.94873,-0.79091,0.155487
2.38228,-1.95927,-1.5577,-2.9488,-0.790922,0.155499
2.38203,-1.95928,-1.55751,-2.94876,-0.790994,0.155499
2.38198,-1.95924,-1.55746,-2.94874,-0.79103,0.155463
2.38186,-1.95923,-1.55739,-2.94875,-0.791078,0.155474
2.3818,-1.95922,-1.55727,-2.94876,-0.791103,0.155498
2.38167,-1.95923,-1.55723,-2.94879,-0.791188,0.155486
2.38162,-1.95923,-1.55713,-2.94881,-0.791211,0.155487
2.38154,-1.95922,-1.55703,-2.94881,-0.79132,0.155487
2.38145,-1.95923,-1.55692,-2.94883,-0.791368,0.155474
2.38137,-1.95923,-1.55681,-2.94881,-0.791416,0.155438
2.3813,-1.95926,-1.55671,-2.94877,-0.791499,0.15551
2.38119,-1.95928,-1.55669,-2.94876,-0.791547,0.155487
2.38114,-1.95926,-1.55658,-2.94872,-0.791642,0.155474
2.38101,-1.95927,-1.55647,-2.94871,-0.791726,0.155486
2.38096,-1.95928,-1.55644,-2.94874,-0.791763,0.155462
2.38088,-1.95929,-1.5564,-2.94874,-0.791823,0.155438
2.38077,-1.95928,-1.55628,-2.94875,-0.791906,0.15545
2.38069,-1.95931,-1.55624,-2.9488,-0.791966,0.155462
2.38063,-1.95933,-1.55618,-2.9488,-0.79205,0.155463
2.38054,-1.95943,-1.556,-2.94879,-0.792131,0.155463
2.38044,-1.95946,-1.55602,-2.9488,-0.792214,0.155463
2.38035,-1.95947,-1.5559,-2.94885,-0.792251,0.155438
2.38028,-1.95952,-1.55584,-2.94887,-0.792275,0.155438
2.38021,-1.95954,-1.55574,-2.94888,-0.792311,0.15545
2.38019,-1.95958,-1.55572,-2.94891,-0.792322,0.15545
2.3801,-1.95961,-1.55562,-2.94888,-0.792418,0.155402
2.38002,-1.95968,-1.55561,-2.94894,-0.792455,0.155438
2.38002,-1.95967,-1.5555,-2.94893,-0.792503,0.15545
2.37996,-1.95969,-1.55544,-2.94899,-0.79255,0.155427
2.37985,-1.95971,-1.55542,-2.94895,-0.79256,0.155427
2.37987,-1.95972,-1.55534,-2.94896,-0.79262,0.155463
2.37976,-1.95975,-1.5553,-2.94895,-0.79267,0.155427
2.3797,-1.95975,-1.55522,-2.94899,-0.792705,0.155439
2.37966,-1.95977,-1.55517,-2.94895,-0.792741,0.155438
2.37962,-1.9598,-1.55511,-2.94898,-0.792801,0.155427
2.37953,-1.95981,-1.55506,-2.94896,-0.792826,0.155427
2.37948,-1.95981,-1.55499,-2.94896,-0.792898,0.155415
2.37946,-1.95983,-1.55494,-2.94898,-0.792921,0.155415
2.37927,-1.9598,-1.55487,-2.949,-0.793016,0.155403
2.37923,-1.9598,-1.5548,-2.94895,-0.793004,0.155415
2.37912,-1.95983,-1.55475,-2.94896,-0.793064,0.155439
2.37906,-1.95981,-1.55466,-2.94898,-0.7931,0.155427
2.37899,-1.95982,-1.55461,-2.949,-0.793171,0.155415
2.37894,-1.9598,-1.55455,-2.94898,-0.793159,0.155403
2.37886,-1.95981,-1.55448,-2.94898,-0.793159,0.155415
2.37878,-1.95981,-1.55439,-2.94898,-0.793207,0.155415
2.3787,-1.95977,-1.55439,-2.94896,-0.793207,0.155403
2.37865,-1.95978,-1.55428,-2.94896,-0.793279,0.155403
2.37858,-1.95978,-1.5542,-2.94894,-0.793327,0.155415
2.3785,-1.95976,-1.55414,-2.94896,-0.793314,0.155391
2.37847,-1.95974,-1.55412,-2.94893,-0.793338,0.155415
2.37839,-1.95972,-1.55402,-2.94895,-0.793399,0.155427
2.37829,-1.95971,-1.5539,-2.94894,-0.793458,0.155439
2.37824,-1.9597,-1.55385,-2.94893,-0.793399,0.155379
2.37811,-1.95969,-1.55375,-2.94898,-0.793507,0.155427
2.37807,-1.95972,-1.55369,-2.94896,-0.793555,0.155439
2.378,-1.9597,-1.55365,-2.94895,-0.793615,0.155439
2.37789,-1.95971,-1.55359,-2.94893,-0.793591,0.155427
2.37788,-1.9597,-1.55348,-2.94893,-0.793723,0.155391
2.37778,-1.95968,-1.55346,-2.94896,-0.793699,0.155403
2.37775,-1.95969,-1.55341,-2.94892,-0.793746,0.155427
2.37768,-1.95974,-1.55334,-2.94893,-0.793759,0.155439
2.37763,-1.9597,-1.55329,-2.94894,-0.793807,0.155391
2.37765,-1.9597,-1.55326,-2.94895,-0.793927,0.155427
2.37757,-1.95974,-1.5532,-2.94896,-0.793915,0.155427
2.37753,-1.95974,-1.55315,-2.94894,-0.793927,0.155415
2.37751,-1.95975,-1.5531,-2.94895,-0.794035,0.155427
2.37748,-1.95975,-1.5531,-2.94894,-0.794057,0.155427
2.37744,-1.95977,-1.55301,-2.94898,-0.79407,0.155427
2.37742,-1.95976,-1.55294,-2.94894,-0.794082,0.155391
2.37737,-1.95975,-1.55289,-2.94894,-0.794166,0.155391
2.37734,-1.9598,-1.5529,-2.94895,-0.794238,0.155391
2.37725,-1.95984,-1.55282,-2.94893,-0.794262,0.155427
2.37721,-1.95981,-1.55279,-2.94894,-0.79431,0.155427
2.37718,-1.95984,-1.55276,-2.94896,-0.794309,0.155427
2.37714,-1.95986,-1.55266,-2.94899,-0.794429,0.155403
2.37708,-1.95983,-1.55269,-2.94898,-0.794416,0.155403
2.37707,-1.95987,-1.55261,-2.94899,-0.794464,0.155427
2.37701,-1.95987,-1.55255,-2.94899,-0.7945,0.155379
2.37695,-1.95989,-1.55254,-2.94895,-0.794536,0.155427
2.37688,-1.95987,-1.55251,-2.94896,-0.79456,0.155403
2.37688,-1.95988,-1.55246,-2.94896,-0.794584,0.155415
2.37683,-1.95988,-1.55245,-2.949,-0.794632,0.155403
2.37677,-1.95988,-1.55237,-2.94898,-0.794679,0.155403
2.37673,-1.9599,-1.55235,-2.94899,-0.794668,0.155391
2.37663,-1.95987,-1.55233,-2.94899,-0.794691,0.155403
2.37662,-1.95986,-1.55233,-2.94898,-0.794739,0.155403
2.37655,-1.95988,-1.55225,-2.94899,-0.79475,0.155379
2.37658,-1.95992,-1.55222,-2.94899,-0.794786,0.155439
2.37648,-1.95988,-1.55218,-2.94901,-0.794798,0.155403
2.37637,-1.95987,-1.5521,-2.94902,-0.794834,0.155403
2.37635,-1.95989,-1.55205,-2.94901,-0.794798,0.155403
2.3763,-1.95989,-1.55204,-2.94896,-0.79487,0.155403
2.37628,-1.95984,-1.55198,-2.94898,-0.794882,0.155427
2.37621,-1.95987,-1.55192,-2.949,-0.794894,0.155391
2.37617,-1.95986,-1.5519,-2.94896,-0.794906,0.155379
2.37614,-1.95987,-1.5519,-2.94898,-0.794942,0.155415
2.37608,-1.95983,-1.55179,-2.94901,-0.79499,0.155391
2.37605,-1.95983,-1.55177,-2.94898,-0.795026,0.155427
2.37605,-1.95981,-1.55176,-2.94899,-0.79499,0.155403
2.37593,-1.95982,-1.55169,-2.94898,-0.795038,0.155403
2.3759,-1.95982,-1.55161,-2.94896,-0.795014,0.155439
2.3759,-1.9598,-1.55163,-2.94896,-0.795086,0.155367
2.3758,-1.95977,-1.55154,-2.94895,-0.795134,0.155391
2.37578,-1.95981,-1.55149,-2.94895,-0.795146,0.155403
2.37574,-1.95982,-1.55151,-2.94898,-0.795133,0.155439
2.37568,-1.9598,-1.55145,-2.94895,-0.795157,0.155415
2.3756,-1.95978,-1.55136,-2.94896,-0.795181,0.155427
2.37557,-1.95981,-1.55127,-2.94896,-0.795193,0.155427
2.37555,-1.95982,-1.55127,-2.94894,-0.795229,0.155427
2.37548,-1.95981,-1.55125,-2.94899,-0.795276,0.155403
2.37543,-1.95983,-1.55119,-2.94896,-0.795253,0.155403
2.37543,-1.9598,-1.55119,-2.94895,-0.795301,0.155403
2.37541,-1.95983,-1.55113,-2.94899,-0.795313,0.155439
2.37536,-1.95983,-1.55112,-2.94894,-0.795312,0.155403
2.3753,-1.95982,-1.55108,-2.94898,-0.79536,0.155403
2.3753,-1.95983,-1.55108,-2.94894,-0.795348,0.155403
2.37529,-1.95983,-1.55102,-2.94899,-0.795385,0.155415
2.37522,-1.95984,-1.55099,-2.94901,-0.795433,0.155427
2.3752,-1.95983,-1.55097,-2.94896,-0.795445,0.155403
2.37516,-1.95987,-1.55095,-2.94896,-0.795493,0.155439
2.37517,-1.95983,-1.55092,-2.94899,-0.795505,0.155439
2.37513,-1.95986,-1.55089,-2.94895,-0.795492,0.155391
2.3751,-1.95984,-1.55084,-2.94899,-0.795529,0.155403
2.37507,-1.95988,-1.55082,-2.94899,-0.795575,0.155391
2.37504,-1.95989,-1.55082,-2.94896,-0.795575,0.155403
2.375,-1.95987,-1.55072,-2.94896,-0.795636,0.155427
2.37493,-1.95987,-1.55074,-2.94901,-0.795612,0.155391
2.37493,-1.95989,-1.55066,-2.94896,-0.795672,0.155367
2.37492,-1.95986,-1.55065,-2.94898,-0.795684,0.155427
2.37491,-1.95986,-1.5506,-2.94901,-0.795696,0.155415
2.37485,-1.95987,-1.55057,-2.94899,-0.795671,0.155403
2.37482,-1.95989,-1.55056,-2.94895,-0.795731,0.155379
2.37481,-1.95987,-1.55051,-2.94902,-0.795683,0.155415
2.37477,-1.95986,-1.5505,-2.94896,-0.795718,0.155415
2.37476,-1.95986,-1.55046,-2.94899,-0.795742,0.155391
2.37474,-1.95988,-1.55045,-2.94899,-0.795743,0.155427
2.37473,-1.95986,-1.55035,-2.949,-0.795767,0.155427
2.3747,-1.95982,-1.55032,-2.94898,-0.795791,0.155403
2.37463,-1.95984,-1.55029,-2.94899,-0.795767,0.155403
2.37457,-1.95987,-1.55028,-2.94901,-0.795803,0.155403
2.37455,-1.95986,-1.55023,-2.94896,-0.795839,0.155403
2.37455,-1.95988,-1.55022,-2.94899,-0.795827,0.155415
2.37448,-1.95986,-1.55019,-2.94895,-0.795815,0.155415
2.3745,-1.95983,-1.55019,-2.94895,-0.795839,0.155415
2.37446,-1.95983,-1.55011,-2.94894,-0.795887,0.155379
2.37441,-1.95984,-1.5501,-2.94899,-0.795875,0.155403
2.37439,-1.95984,-1.55004,-2.94895,-0.795935,0.155391
2.37435,-1.95986,-1.55002,-2.94895,-0.795971,0.155439
2.37431,-1.9598,-1.54998,-2.94894,-0.795947,0.155403
2.37432,-1.95986,-1.54991,-2.94894,-0.795947,0.155391
2.37432,-1.95986,-1.54992,-2.94894,-0.795995,0.155415
2.37427,-1.95984,-1.54991,-2.94895,-0.795958,0.155427
2.37422,-1.95987,-1.54991,-2.94894,-0.795994,0.155427
2.37426,-1.95986,-1.54989,-2.94899,-0.795958,0.155439
2.37421,-1.95984,-1.54985,-2.94894,-0.795995,0.155379
2.37416,-1.95983,-1.5498,-2.94899,-0.796067,0.155391
2.37415,-1.95984,-1.54978,-2.94894,-0.796067,0.155403
2.37412,-1.95981,-1.54977,-2.94896,-0.796079,0.155367
2.37406,-1.95982,-1.54976,-2.94896,-0.796055,0.155439
2.37407,-1.95982,-1.5497,-2.94899,-0.796067,0.155355
2.37401,-1.95982,-1.54971,-2.94899,-0.79609,0.155427
2.37401,-1.95983,-1.5497,-2.94899,-0.796138,0.155403
2.37398,-1.95988,-1.54966,-2.94896,-0.796126,0.155451
2.37397,-1.95983,-1.54961,-2.94899,-0.796198,0.155379
2.3739,-1.95983,-1.5496,-2.94899,-0.796199,0.155403
2.37394,-1.95983,-1.54958,-2.94899,-0.796246,0.155367
2.37385,-1.95984,-1.54957,-2.949,-0.796234,0.155427
2.37386,-1.95986,-1.54958,-2.94898,-0.796294,0.155415
2.37385,-1.95983,-1.54954,-2.94898,-0.796258,0.155415
2.37383,-1.95986,-1.54953,-2.94898,-0.79627,0.155391
2.37381,-1.95988,-1.54949,-2.94899,-0.796329,0.155391
2.37383,-1.95987,-1.54949,-2.94895,-0.796305,0.155391
2.37382,-1.95989,-1.54946,-2.94896,-0.796269,0.155403
2.37378,-1.95987,-1.54942,-2.94898,-0.796389,0.155403
2.37373,-1.95986,-1.54947,-2.94896,-0.796365,0.155415
2.37373,-1.9599,-1.54945,-2.94896,-0.796353,0.155403
2.37372,-1.95987,-1.54945,-2.949,-0.796353,0.155427
2.37369,-1.9599,-1.54941,-2.94899,-0.796389,0.155439
2.3737,-1.95987,-1.5494,-2.94899,-0.796425,0.155367
2.37367,-1.95983,-1.54936,-2.94898,-0.796425,0.155415
2.37364,-1.95988,-1.54936,-2.94898,-0.796377,0.155415
2.37364,-1.95984,-1.54934,-2.94896,-0.7964,0.155379
2.37363,-1.95987,-1.54936,-2.94894,-0.796425,0.155391
2.3736,-1.95984,-1.54929,-2.94895,-0.796437,0.155439
2.37358,-1.95986,-1.54929,-2.94899,-0.796437,0.155379
2.37353,-1.95987,-1.54929,-2.94898,-0.796449,0.155403
2.37349,-1.95984,-1.54924,-2.94899,-0.796473,0.155403
2.37347,-1.95986,-1.54928,-2.94896,-0.796461,0.155427
2.37345,-1.95983,-1.5492,-2.94896,-0.796545,0.155403
2.37341,-1.95983,-1.5492,-2.94896,-0.796497,0.155415
2.37344,-1.95982,-1.54921,-2.94894,-0.796497,0.155415
2.37336,-1.95983,-1.54916,-2.94898,-0.796544,0.155391
2.37336,-1.95984,-1.54916,-2.94896,-0.796533,0.155367
2.37338,-1.95981,-1.5491,-2.94896,-0.796533,0.155415
2.37335,-1.95987,-1.54911,-2.94894,-0.796569,0.155391
2.37333,-1.95984,-1.54911,-2.94895,-0.796593,0.155391
2.37329,-1.95984,-1.5491,-2.94899,-0.796617,0.155415
2.37329,-1.95981,-1.54905,-2.94898,-0.796593,0.155391
2.37326,-1.95982,-1.54906,-2.94899,-0.796628,0.155403
2.37327,-1.95983,-1.54903,-2.94898,-0.796532,0.155451
2.37323,-1.95983,-1.54908,-2.94898,-0.796616,0.155439
2.37326,-1.95983,-1.54904,-2.94896,-0.79664,0.155379
2.37318,-1.95984,-1.54903,-2.94898,-0.796616,0.155403
2.37324,-1.95983,-1.549,-2.94899,-0.7967,0.155391
2.37317,-1.95984,-1.54898,-2.949,-0.796665,0.155391
2.37316,-1.95983,-1.54899,-2.949,-0.796688,0.155415
2.3732,-1.95981,-1.54902,-2.94898,-0.796665,0.155427
2.37316,-1.95981,-1.54896,-2.94896,-0.796688,0.155427
2.3731,-1.95984,-1.549,-2.94896,-0.796676,0.155391
2.37314,-1.95981,-1.54894,-2.94896,-0.796724,0.155391
2.37315,-1.95982,-1.54893,-2.94896,-0.796712,0.155379
2.37309,-1.95983,-1.54893,-2.94899,-0.79676,0.155427
2.37311,-1.95982,-1.54893,-2.94895,-0.796748,0.155427
2.37308,-1.95986,-1.5489,-2.94896,-0.796725,0.155379
2.37307,-1.95986,-1.54888,-2.94896,-0.796784,0.155427
2.37307,-1.95987,-1.5489,-2.94899,-0.796772,0.155391
2.37304,-1.95984,-1.54886,-2.94899,-0.79682,0.155403
2.37307,-1.95986,-1.54886,-2.94898,-0.796772,0.155427
2.37302,-1.95984,-1.54884,-2.94898,-0.79684,0.155427
2.37304,-1.95988,-1.54884,-2.94896,-0.796828,0.155391
2.37301,-1.95984,-1.54881,-2.94899,-0.796793,0.155403
2.37299,-1.95987,-1.54885,-2.949,-0.796782,0.155403
2.37301,-1.95987,-1.54881,-2.94899,-0.796819,0.155415
2.37299,-1.95988,-1.54884,-2.949,-0.796795,0.155427
2.37299,-1.95984,-1.5488,-2.94896,-0.796758,0.155391
2.37299,-1.95984,-1.54876,-2.94898,-0.796794,0.155427
2.37292,-1.95987,-1.54876,-2.94895,-0.796782,0.155403
2.37293,-1.95988,-1.54874,-2.94898,-0.796782,0.155379
2.37298,-1.95987,-1.54879,-2.94894,-0.796824,0.155379
2.37296,-1.95986,-1.54878,-2.94898,-0.796836,0.155427
2.37292,-1.95986,-1.54869,-2.949,-0.796845,0.155415
2.37291,-1.95981,-1.54869,-2.94895,-0.79688,0.155415
2.37291,-1.95983,-1.54872,-2.94896,-0.796891,0.155415
2.37289,-1.95983,-1.54871,-2.94898,-0.796891,0.155415
2.37286,-1.95983,-1.54872,-2.949,-0.796892,0.155415
2.37286,-1.95983,-1.54868,-2.94899,-0.79688,0.155427
2.37283,-1.95983,-1.54869,-2.94896,-0.796904,0.155415
2.37283,-1.95983,-1.54865,-2.94896,-0.796901,0.155415
2.37281,-1.95987,-1.54863,-2.94896,-0.796875,0.155367
2.37281,-1.95987,-1.54861,-2.94895,-0.796889,0.155427
2.37278,-1.95986,-1.5486,-2.94896,-0.79689,0.155391
2.37275,-1.95983,-1.54857,-2.94899,-0.796891,0.155379
2.37279,-1.95984,-1.54857,-2.94896,-0.796867,0.155403
2.37277,-1.95981,-1.54855,-2.94899,-0.796866,0.155403
2.37274,-1.95983,-1.54854,-2.94896,-0.79689,0.155439
2.37277,-1.95984,-1.54856,-2.94898,-0.79683,0.155403
2.37275,-1.95982,-1.54854,-2.94899,-0.796878,0.155403
2.37272,-1.95981,-1.54853,-2.94898,-0.796914,0.155344
2.37275,-1.95981,-1.54849,-2.94896,-0.796854,0.155403
2.37273,-1.95983,-1.5485,-2.94898,-0.796878,0.155439
2.37273,-1.95986,-1.54849,-2.94896,-0.79689,0.155403
2.37273,-1.9598,-1.54848,-2.94895,-0.796902,0.155403
2.37268,-1.95984,-1.54848,-2.94898,-0.79683,0.155403
2.37265,-1.95984,-1.54847,-2.94895,-0.796878,0.155415
2.37266,-1.95983,-1.54847,-2.94899,-0.796902,0.155403
2.37267,-1.95984,-1.54842,-2.94896,-0.796854,0.155391
2.37263,-1.95986,-1.54844,-2.94896,-0.796878,0.155427
2.37266,-1.95988,-1.54843,-2.94896,-0.796902,0.155427
2.37265,-1.95986,-1.54843,-2.94896,-0.796902,0.155415
2.37262,-1.95987,-1.54844,-2.94896,-0.79689,0.155379
2.37263,-1.95983,-1.54842,-2.94894,-0.79689,0.155379
2.37265,-1.95983,-1.54841,-2.94894,-0.796902,0.155415
2.3726,-1.95986,-1.54837,-2.94894,-0.796902,0.155427
2.37264,-1.95984,-1.54839,-2.94901,-0.796878,0.155427
2.37259,-1.95984,-1.54838,-2.94898,-0.79689,0.155403
2.37258,-1.95987,-1.54837,-2.94898,-0.796914,0.155427
2.37259,-1.95984,-1.54838,-2.94899,-0.796878,0.155403
2.37259,-1.95987,-1.54841,-2.94895,-0.79689,0.155379
2.37262,-1.95988,-1.54838,-2.94896,-0.796866,0.155391
2.37258,-1.95987,-1.54835,-2.94895,-0.796866,0.155403
2.37254,-1.95984,-1.54835,-2.94899,-0.796902,0.155391
2.37254,-1.95987,-1.54829,-2.94896,-0.796866,0.155379
2.37249,-1.95988,-1.54831,-2.94894,-0.79689,0.155439
2.37254,-1.95986,-1.54831,-2.949,-0.79689,0.155379
2.37248,-1.95984,-1.54827,-2.94898,-0.796926,0.155427
2.37248,-1.95988,-1.54825,-2.94899,-0.796926,0.155403
2.37253,-1.95983,-1.54824,-2.94898,-0.796926,0.155427
2.37244,-1.95984,-1.54825,-2.94895,-0.796854,0.155403
2.37247,-1.95986,-1.54823,-2.94896,-0.796854,0.155403
2.37245,-1.95987,-1.54825,-2.94896,-0.79689,0.155403
2.37245,-1.95982,-1.54825,-2.94899,-0.796878,0.155391
2.37244,-1.95986,-1.54824,-2.94896,-0.796902,0.155403
2.37244,-1.95984,-1.54818,-2.94898,-0.79683,0.155379
2.3724,-1.95984,-1.54821,-2.94896,-0.796878,0.155415
